-0.055193734,-0.076781373,0.549199441,-0.125825114,-0.493537042,0.240342497,0.112262641,0.31976515,0.585111639,0.191114293,0.802774498,-0.475709497,0.409238342,-0.225067483,-0.333349794,0.952866621,-0.629588295,0.415415274,0.090959968
-0.742660391,0.144592034,1.038357932,0.324461619,-0.794468107,-0.776788358,0.874050566,0.793343209,-0.075421297,-0.331819809,-0.842075355,-0.240959976,0.305757922,1.318409474,-0.340227691,0.573627302,-0.112633625,-0.089119665,-0.881527901
0.3060761,-0.688562171,0.875746536,0.193124955,-2.443975445,-0.851903531,0.090702444,-0.42839827,0.248198903,-1.019727587,-2.114220894,-1.54922143,-0.766846544,-0.084665272,-0.76395076,0.275017924,-2.172690863,-2.972567625,-1.628398563
0.795315855,0.261492831,0.328596441,0.567859613,-0.072113763,-0.127706573,0.119593854,1.397087792,2.044030948,0.542590232,0.815840026,0.29535368,1.29842265,0.975877587,1.101100576,1.32334002,-0.356812717,0.532419552,0.619724637
-0.39963459,1.04991235,0.587159346,0.026801424,0.872625879,-0.579038853,1.656854887,0.585014142,-0.316119706,-0.176210401,0.04466529,0.032102004,0.566109478,1.167131342,0.748257669,0.472060085,0.874969512,0.438682307,-0.214462223
0.279370701,1.405677921,0.797236927,0.064476857,1.215253308,-0.580375921,1.744289519,0.576138039,0.600249422,-0.037956688,0.601078151,0.571411084,0.877723202,0.683927662,1.668384396,0.688478884,1.025191451,0.912232824,0.195000358
0.115784015,1.31361216,0.775243977,0.197280157,-0.144917106,-0.901562014,1.290558615,1.021739617,-0.117589599,-0.434427206,-0.8059801,0.003428131,0.373075563,1.079565974,0.535689912,0.894752079,0.091260454,-0.262684459,-0.273760275
-0.215412123,0.529220335,0.329328275,-0.431709137,0.389135836,-1.104560301,1.094744795,0.249318051,-0.492787774,-0.445873764,-1.229712281,-0.25707143,0.919832981,0.017517067,0.216273359,0.823975242,0.06208546,-0.015444893,-0.371247463
-0.582903675,0.89011858,0.415944927,-0.682042718,0.123046738,-1.384548827,1.422957068,-0.513125582,-0.64728759,-0.897279107,-0.750193804,-0.287472772,0.021175017,-0.587309318,-0.096796266,0.440708245,0.209318942,0.0982884,-0.478447515
-0.870936899,0.448028572,-0.625532694,-1.283691446,-0.228491194,-0.947614338,1.121022647,-0.535379361,-1.077583507,-0.78312562,-0.737955629,-0.579752417,0.130285098,-0.761398422,-0.61720952,-0.457070692,1.474100576,0.286661149,0.376204379
-0.8651952,-0.3825837,-1.6636341,-1.7415808,-0.3582629,0.05124367,0.52946801,-0.5409687,-1.0614698,-0.9740299,-0.729462,-0.3963945,0.50182733,-0.5726035,-0.5982848,-0.3329332,2.04799494,0.31722869,0.98711174
0.523202205,0.407530326,-0.834973394,-0.0346603,0.810617667,0.961161861,-0.031281652,1.804747516,1.989456931,0.513154493,1.113102275,1.61138034,3.689211097,-0.189409955,1.979046493,2.147489638,0.159635068,0.844461666,1.291886773
-0.100682493,0.605663277,-0.491418621,-0.017810784,0.276711501,0.856822349,1.022928913,1.615473328,1.177274861,0.259562713,1.002484076,1.036282099,2.641788369,0.007291559,1.334370966,1.657996728,0.88431875,-0.179803601,2.111926634
0.152448704,0.175427422,0.569570661,0.61184444,-0.410085562,0.785258302,0.862885752,-0.087896306,1.739719735,-0.554358707,0.838157501,1.061109186,0.551637407,-0.481729154,1.721107488,0.971646036,0.816573701,0.718797306,1.599780778
-0.307981569,-0.840694742,-0.709892266,-0.615379043,-0.67511243,-0.069062782,-0.419357755,-1.838260357,1.333721017,-1.263201064,0.530261067,0.572873899,-0.901958265,-1.660898623,0.142829447,-0.516535646,-0.857612835,0.894487288,0.189384688
-0.819047971,-0.104536271,-1.083426016,-0.991304843,-0.60209564,-0.569541681,0.072220191,-0.433835734,-1.091417992,-0.635831418,-0.822926059,-0.518520717,-0.176122566,0.016311146,-0.450556373,-0.686793998,1.491522981,-0.613882208,0.075194902
-0.220184407,0.380297145,0.578841795,1.273719337,-0.259293837,-0.814234665,-0.224611328,0.124213295,-0.073288184,-0.085797959,-0.325295893,-0.007649392,-0.366386498,0.644000497,1.003114371,0.315832717,0.431415039,-0.262758521,-0.089070362
-1.075553535,-0.568977301,-0.550304732,-0.430678396,-0.635502467,-1.222695528,-0.342800338,-0.948960019,-1.72930831,-0.688589369,-1.558684789,-0.763545786,-0.965731471,-0.037468615,-1.216717263,-0.885809306,-0.075298714,-1.193059784,-0.995259381
-0.551198594,0.281495208,0.737255682,1.152144604,-1.048959996,-1.082054243,-0.852263236,-0.167828132,-0.638156867,-0.470658113,-0.734118614,-0.184221106,-0.734416274,0.477440768,0.058761188,-0.398363555,-0.329707951,-0.96597202,-0.668639258
-0.324762932,-0.016578761,0.424407443,0.310065249,1.137867948,-0.332173633,0.569657699,-0.486141441,0.599002154,-0.515026622,-0.195052697,0.735816552,0.080003016,1.033192421,1.165484862,-0.414922631,0.501210576,0.904031127,-0.018894628
-0.887834426,1.136267988,0.119236889,-1.330896302,1.08533641,0.469073024,-0.518831159,-1.616823695,-0.091672615,-0.89494365,-0.281711269,1.496556072,-0.462363122,1.490075305,0.108423903,-2.220545195,0.585818951,-0.142993468,-0.456521662
-1.803416631,2.986232645,0.633886802,-2.219151692,1.458108404,0.340094275,-0.158318234,-2.445049343,0.336203416,-1.30027063,0.090540881,2.177624168,-0.318849889,1.950743931,-0.577888951,-2.605587899,0.527841765,1.077435951,-0.207445089
-1.453221828,-0.0470011,0.077113937,-0.85141593,-2.075633344,-0.837215216,-2.144696822,-1.442266174,-1.804196063,-1.202339165,-0.782034376,-0.157732382,-1.254925792,-0.573264758,-2.029212156,-1.701102793,-0.700620745,-1.832230097,-1.1448069
-1.010768739,0.538035051,-0.281314184,-1.710305033,-0.237075236,-0.054895175,-0.739237375,-1.71381055,0.114868983,-0.907603788,0.137259623,1.228205734,-0.88775936,-1.11719397,-1.152180806,-1.811821848,-0.323000963,0.539644951,-0.39094914
1.117809617,-0.918947454,-0.366280773,-0.093494799,0.021386584,-0.139390922,-0.501065563,0.182110432,0.412357846,1.150945251,0.446355892,-0.344033731,-0.655583972,-0.345698935,-0.593924225,-0.322201404,-0.491748284,0.305852869,-0.724979033
1.40512447,-2.283234219,-2.738310956,-1.268522995,-1.134259382,0.413251099,-0.447287471,-0.738889494,-0.012474961,0.210848492,0.995023138,-1.642312758,-0.650408046,-2.951430365,-1.673148342,-0.868353777,-1.022240932,-0.875359746,-0.249633305
2.338483232,-1.96982108,-3.030307422,-0.186179284,-1.840971695,2.663724606,-2.569969633,-0.74449863,-0.951301879,0.634017692,0.683541991,-3.318392061,-1.031232031,-1.612783096,-1.955114572,0.124529582,-2.402453579,-0.639639512,-0.609951793
0.81292527,-2.4371163,-1.3006143,0.18423977,-0.8792824,1.71256452,-2.010863,0.89569948,-0.4867607,2.00055478,0.34573163,-2.0439799,-1.2066973,-0.1904917,-1.1607806,0.60345536,-2.3907749,0.64227817,-0.7572374
0.936069358,-0.699941655,0.453628971,1.111076143,-0.206321211,-0.952508567,-0.991232804,0.327318105,0.036809105,1.802980296,-0.095314858,-0.744692227,-0.59558729,1.415767017,-0.213556372,0.283358587,-0.233499774,-0.282456741,-0.9635968
0.570603535,-0.242703869,1.146848166,1.771417438,0.366669396,-0.798053164,-0.276582112,0.698887669,0.434096136,1.660095327,0.079896049,-0.230558609,-0.454973498,1.470375433,0.751584113,0.416111321,0.172345778,0.390160163,-0.475591145
0.692957342,0.492657059,1.317668787,1.809924899,1.247326996,-0.53643529,0.991423914,-0.637641288,1.112377645,0.886123209,0.755471295,0.08174939,-1.20835448,0.219533357,1.272838913,0.24468969,0.598484726,0.892589783,0.401977645
0.75442311,-0.4689433,0.14085273,1.06842222,0.59627708,0.49749641,-0.1755406,0.68846421,0.37995105,1.41887632,0.36313449,-0.1693583,0.09329453,1.07017118,0.79423578,0.16310517,0.43223575,0.74046482,0.57354201
0.234997811,0.703672248,0.328321782,-0.540744903,0.881457687,1.170374409,1.094846314,-0.565772137,1.348482373,0.222602911,1.356149142,1.376477232,0.860527985,0.943467923,1.227969615,-1.114124448,1.844032157,2.052633914,2.516871323
1.295226492,0.167099795,-1.070691565,0.259093916,1.293404503,2.380122041,0.697910363,1.47212211,2.172005192,3.004971972,3.580437023,0.230739343,2.044842148,1.416505223,1.208690405,1.141801062,0.686297186,1.324141305,3.021390687
-0.125740887,-0.291613254,0.682893863,0.20294715,-0.245996672,0.287057702,-0.126800492,0.261660301,0.42289242,0.139198487,0.35460155,-0.511205635,0.026213535,-0.75743051,-0.286332212,0.829533112,-0.86070797,0.117381864,-0.024313111
-1.115973192,-0.500853305,0.818745738,0.310919268,-0.247764076,-0.744417578,0.898426091,1.402949676,-0.561094613,-0.445720484,-1.178338767,-0.826425482,0.068953707,0.204701103,-0.939135268,0.205659788,-0.579241708,-1.059351244,-1.484175717
0.257041479,-0.313714747,0.794582287,0.38841101,-2.650420474,-0.700036607,-0.65015254,-0.73944764,-0.925640159,-1.291057878,-2.200902706,-0.881595516,-0.756952005,-0.362009512,-1.188129093,0.081678463,-2.603482978,-3.286027943,-1.058748421
0.547571951,0.156767013,0.530862182,0.624339082,-0.178648954,0.038483449,-0.171349173,1.062952052,1.91498501,0.215806663,0.342406419,0.415129001,1.02346898,0.659327481,1.011255736,1.23348609,-0.61415694,0.359308774,0.573167154
-0.500483736,0.807458975,0.792085853,0.208807504,1.136101378,-0.329891803,1.461388133,1.062339304,-0.704913773,-0.190210468,-0.255420494,0.142104336,0.053798057,0.538144288,-0.003632626,0.294707372,0.559792492,-0.641707175,-0.741024386
0.205045394,1.247731624,1.070801594,0.433906887,1.291606419,-0.310497098,1.286749082,0.79945769,-0.394976432,-0.177362866,0.060357441,0.57072021,0.446963667,0.470581586,1.021064146,0.657241105,0.692790497,-0.136514554,-0.132778608
0.075550702,0.86292581,0.943965735,0.58324653,0.426150164,-0.624283173,1.330793944,1.288677682,-0.257880024,-0.3565175,-1.110997545,0.125484901,0.006441306,0.591649233,0.071645597,0.889447658,-0.156884051,-1.502527265,-0.692797174
-0.311299369,0.495741536,0.622211963,-0.186813372,0.430598426,-0.939048928,1.047159968,0.301569671,-0.688368366,-0.492368707,-1.240766826,-0.144006824,0.854878399,-0.166099176,0.052413967,0.73230329,0.096604603,-0.149049672,-0.334135922
-0.64230558,0.634083179,0.667736882,-0.287118334,0.434125443,-1.146094321,1.415508308,-0.12394781,-1.038643695,-0.839318063,-0.864040095,-0.080076041,0.085457503,-0.752289608,-0.231927259,0.425376392,-0.012191102,-0.740299891,-0.695317416
-0.852599918,0.345287974,-0.382856854,-0.935100827,-0.105308536,-0.692962315,0.901713208,-0.140914262,-1.441253295,-0.802414167,-0.965609812,-0.312327319,-0.019525583,-0.882752508,-0.793661992,-0.42570529,1.297820977,-0.35343955,0.063763247
-1.200845656,-0.579985207,-1.813872242,-1.948919116,-0.401131402,-0.154413109,-0.086044607,-0.488045908,-1.695663609,-1.103305182,-0.601476359,-0.554381323,0.448011442,-0.532144347,-0.788293253,-0.654973237,1.989652778,0.425674787,0.858081187
0.258152094,0.18219391,0.097001776,0.536501228,0.707998946,0.964148363,-0.227073393,1.104014836,1.579637808,0.262771479,1.497584062,1.207843829,2.483389066,-0.955578337,1.112893462,1.645285004,-0.094783044,0.698001034,1.003189374
-0.160665631,0.453401643,-0.282546666,0.391532201,0.326782372,1.195808539,0.798072059,1.208691689,1.107352881,0.135567604,1.051141179,0.902780432,2.012609814,-0.855654235,1.171407477,1.529447607,0.488723225,0.551556189,1.849872394
-0.161178476,-0.006719835,0.23609295,0.260263398,0.111078798,0.895005169,0.906950858,0.12496695,0.907304425,-0.494897373,0.94734085,0.790286563,0.697622341,-0.41399722,1.272079095,0.655251003,0.783213684,0.583580758,1.48051164
-0.631148299,-0.797194094,-0.668773743,-0.646821612,-0.708064171,-0.170421447,-0.798208968,-1.553905114,0.951399556,-1.219607108,0.525203238,0.364089405,-0.615329542,-1.623147768,-0.432917539,-0.675810375,-0.77730184,0.760635027,0.13877204
-0.768293899,-0.149925189,-1.049612666,-1.044865883,-0.632944393,-0.184184993,-0.033037785,-0.106443644,-1.409781003,-0.618430075,-0.910134694,-0.37398731,-0.62610912,-0.606395316,-0.766960372,-0.722246832,0.955084178,-1.029151869,-0.25163498
-0.278324991,0.247927293,0.741198689,1.373665526,-0.353893322,-0.632531038,-0.362486004,0.537514283,-0.769000892,-0.156545062,-0.749488856,0.162487514,-0.826207733,-0.3929095,0.434009071,0.307596148,-0.248814503,-1.166385177,-0.599638633
-1.010466801,-0.521676027,-0.525498865,-0.400998463,-0.687065279,-1.128354426,-0.643856694,-0.637880743,-1.377132563,-0.758255283,-1.546440662,-0.384584103,-1.058820048,-0.395128247,-0.906839087,-0.810299899,-0.222179785,-0.990048087,-0.878099585
-0.516246468,0.21358566,0.920496353,1.419800095,-0.121800619,-0.955541017,-0.488651153,0.367872742,-0.83894626,-0.226407172,-1.064007251,-0.055586706,-0.914663331,-0.088247283,0.3755839,-0.199390125,-0.459327975,-1.142561797,-0.809703523
-0.601041807,0.059701517,0.266083273,0.355274719,1.13429418,-0.449994923,0.375644386,-0.25462028,0.280643283,-0.4763898,-0.136581584,0.303804334,0.146720914,0.98838534,0.700634149,-0.470310119,0.621940257,1.155906234,-0.053805066
-1.003605819,1.33478039,0.16127901,-1.178863963,1.586624324,0.578731408,-0.187585336,-1.689356079,0.089534208,-0.911604576,-0.024763002,1.370212384,-0.339147234,1.742769384,0.349024028,-1.877882128,0.809938288,1.087096146,-0.27263982
-2.077353991,2.447001541,0.691725713,-2.166083304,1.276505507,0.64802053,-0.289856436,-2.586791092,-0.519594913,-1.334537697,0.465318085,1.29479815,-0.782232003,1.071242338,-1.180324328,-2.331721554,0.355911656,0.558557411,-0.310460818
-1.439810016,-0.107374609,0.078309815,-0.782188134,-0.582528411,-0.66166348,-1.096559902,-0.757160522,-1.653506158,-0.734837082,-1.053929109,0.078571632,-0.961327691,-0.08099269,-1.542156386,-1.448521568,-0.121072951,-1.55299837,-1.212704195
-0.898850892,0.379457692,-0.362471436,-1.616040934,-0.439801594,-0.012263864,-0.871707574,-1.517066957,0.86906137,-0.988901911,0.344565525,1.380304093,-0.997035798,-1.316399604,-0.707654708,-1.684742263,-0.324123356,1.420456496,-0.169317127
1.266685303,-1.010806501,-0.02643664,0.2936936,0.034137181,-0.213335577,-0.607423604,0.345083562,0.241535569,0.87673352,0.515242835,-0.089428247,-0.63632731,-0.529360845,-0.423301226,-0.138516864,-0.425449425,0.615546898,-0.533696294
2.691079255,-2.378198633,-2.207417413,-1.105353234,-1.740125893,0.536290444,-0.869115949,-0.770936072,-0.031056244,0.235843022,1.418184233,-1.085417355,-0.726749331,-2.754514544,-1.371105542,-0.694678569,-0.98118003,-0.794978386,-0.035564241
3.317578676,-2.055138824,-2.712579006,0.515564221,-1.661051363,2.91288572,-2.426171239,0.160774251,-0.560901991,0.847213496,1.102557122,-2.627895689,-1.055421787,-1.455097473,-1.414066995,0.583729455,-1.865171021,-0.255402625,-0.217758291
0.947769684,-2.33353049,-1.478331927,0.664674836,-1.84352466,1.896287427,-2.699804921,1.273274199,-0.650352163,1.6765475,0.232662783,-2.027974482,-1.103303207,-0.785383209,-1.472748089,0.666375874,-2.356301517,0.129916774,-0.669663203
0.931216354,-0.764894607,1.044161796,1.65187672,0.386575891,-1.055470475,-0.825701591,0.578423209,-0.419945417,1.630274689,-0.31507476,-0.483208096,-0.694299991,0.580916515,-0.474490256,0.275767151,-0.455587059,-0.480146667,-1.303401286
0.257951604,-0.386938356,1.455048017,2.158172522,1.211699279,-0.824235945,-0.198858168,1.023613769,-0.269035123,1.660397009,-0.482026256,-0.330249314,-0.51452848,0.952132741,0.014885348,0.148457694,-0.142767952,-0.92632059,-1.192229826
0.468462227,0.300777469,1.176354677,1.783008408,1.465468788,-0.276944119,0.204603542,-0.07089663,-0.526142212,0.796974492,0.207933054,0.823871649,-0.5489055,0.030129449,0.803421141,0.022122187,0.319051382,0.971792701,0.466842735
0.680372652,-0.632013626,0.208185566,1.272443154,0.626388026,0.517976519,-0.560483424,0.914760801,-0.286226331,1.205505478,-0.183609269,-0.181754432,-0.202299903,0.268014541,0.118451215,0.226288401,-0.129814037,-0.333067271,-0.045053308
0.620202113,0.409438436,0.635072457,0.012246976,1.138138937,1.206590716,0.255515721,-0.508739179,0.870611303,0.296214599,0.916599129,1.849202807,0.816073216,0.79066822,1.643631623,-0.756614686,1.302821439,1.951046796,2.38793508
1.727327815,0.081705938,-0.602245109,0.487312967,1.640928575,2.650130773,0.373964547,1.261658284,1.788016846,2.760273002,2.324745139,0.568882747,1.482027888,0.810977943,1.506011303,1.302983836,0.339224189,1.15358507,2.44598941