0.4684622272544086,0.30077746857259174,1.1763546774365978,1.7830084077181327,1.4654687883344237,-0.2769441192064026,0.20460354221944313,-0.0708966298275916,-0.526142212309452,0.7969744915198811,0.20793305382458013,0.8238716494276743,-0.5489054995191319,0.030129448943100167,0.803421140736245,0.0221221870873707,0.31905138238627423,0.9717927008673141,0.46684273535809756
-0.16066563051918517,0.4534016426129132,-0.28254666624810004,0.3915322008377943,0.3267823724354197,1.1958085394840017,0.7980720585378758,1.2086916890613915,1.1073528810603068,0.13556760420911443,1.0511411788565124,0.9027804324609962,2.012609813595729,-0.8556542345464052,1.1714074765157285,1.5294476067464302,0.4887232252810503,0.5515561888827024,1.8498723942590252
-0.642305580246407,0.6340831787726178,0.6677368823472666,-0.28711833368645273,0.4341254429568436,-1.1460943210009737,1.4155083081369424,-0.1239478103505197,-1.038643694982888,-0.8393180629540934,-0.8640400951664525,-0.08007604067922144,0.08545750268002755,-0.7522896079415452,-0.2319272591233696,0.42537639214493617,-0.012191102003753418,-0.7402998905455872,-0.6953174162649901
-1.0036058185669234,1.3347803901105104,0.16127900984519136,-1.1788639634429967,1.586624323620642,0.5787314081430428,-0.18758533599700844,-1.6893560790979012,0.08953420815440663,-0.9116045760449605,-0.024763002440417094,1.3702123838635518,-0.3391472341655817,1.7427693842999985,0.3490240280988307,-1.8778821282976506,0.8099382881502996,1.0870961463491835,-0.272639820291794
3.317578676350475,-2.0551388238491586,-2.712579005977482,0.5155642212013312,-1.6610513629702144,2.9128857204894745,-2.426171238597406,0.160774251155597,-0.5609019906089553,0.8472134956308507,1.1025571216981649,-2.6278956885800473,-1.0554217868835671,-1.455097472536861,-1.4140669952230083,0.583729454534367,-1.865171021372702,-0.255402625119233,-0.21775829144462175
1.2666853031900538,-1.0108065012814047,-0.026436639930995664,0.2936936001320489,0.034137181462366606,-0.21333557746435555,-0.607423604311597,0.345083562392014,0.24153556896828912,0.8767335203231391,0.5152428345160771,-0.08942824684422039,-0.6363273100786462,-0.5293608451844207,-0.42330122647778323,-0.13851686448946077,-0.4254494245157168,0.6155468980126784,-0.5336962944770987
-0.51624646848122,0.21358566021567077,0.9204963530420449,1.419800095455612,-0.12180061911599412,-0.9555410173346289,-0.48865115291437977,0.36787274183443847,-0.8389462600088219,-0.22640717230082247,-1.0640072514505052,-0.055586705526568254,-0.914663331417097,-0.08824728259143466,0.3755839003424771,-0.19939012465648515,-0.45932797454695556,-1.142561796540521,-0.8097035233323295
0.9312163539554683,-0.7648946065182978,1.0441617959186082,1.6518767198594144,0.38657589131535175,-1.0554704747666779,-0.8257015909438228,0.5784232090984185,-0.41994541662241636,1.63027468911483,-0.3150747598860998,-0.4832080957610648,-0.6942999912737231,0.5809165148084915,-0.4744902558860801,0.27576715069018803,-0.4555870591830181,-0.4801466668950004,-1.3034012861371747
-0.6311482990732792,-0.7971940944292811,-0.6687737431499675,-0.6468216124152183,-0.708064170786181,-0.17042144667603454,-0.7982089679925796,-1.5539051135360378,0.9513995559372745,-1.2196071082171613,0.5252032383356031,0.3640894047272305,-0.6153295423580151,-1.6231477684578175,-0.4329175391351653,-0.6758103746271474,-0.7773018404999364,0.7606350268268657,0.13877203962320883
-1.4398100155681846,-0.10737460924774239,0.07830981540210274,-0.7821881341344803,-0.5825284112412312,-0.6616634800150323,-1.0965599016034806,-0.7571605222604955,-1.6535061580231947,-0.7348370820858751,-1.0539291090494862,0.07857163169721317,-0.9613276912740855,-0.08099269012747953,-1.54215638577037,-1.4485215678678378,-0.12107295092979897,-1.552998369892284,-1.2127041951599615
-0.12574088713145468,-0.29161325429377205,0.6828938632781972,0.20294715015377557,-0.2459966720858655,0.2870577015662602,-0.12680049209303657,0.26166030064541723,0.4228924201911957,0.13919848720535505,0.354601549644898,-0.5112056350313009,0.026213534846930942,-0.757430510162957,-0.2863322122623192,0.8295331115461373,-0.8607079703161348,0.11738186447893645,-0.024313110936026772
-0.8988508917545651,0.37945769159638043,-0.3624714358922083,-1.6160409338369057,-0.4398015944395202,-0.01226386412568788,-0.8717075743750327,-1.5170669572952165,0.8690613700967301,-0.9889019110494464,0.3445655251899201,1.380304093354908,-0.9970357979025106,-1.3163996035369974,-0.7076547078661932,-1.684742263385738,-0.3241233561530743,1.4204564958640746,-0.16931712740663246
0.5475719514694829,0.1567670125297207,0.530862182468573,0.6243390820903072,-0.17864895375445045,0.038483449303746094,-0.17134917285735596,1.0629520517692697,1.9149850101046932,0.21580666301065501,0.34240641880302797,0.4151290009668006,1.023468980169392,0.6593274814880166,1.0112557355378118,1.233486089986193,-0.6141569400794814,0.35930877383923643,0.573167153559898
0.25795160359132174,-0.38693835623425715,1.4550480171505153,2.1581725217304317,1.2116992792343335,-0.8242359446105114,-0.1988581677341738,1.0236137688991387,-0.2690351225542467,1.6603970089818185,-0.4820262561038553,-0.330249313973391,-0.5145284803698768,0.9521327408081331,0.01488534803442696,0.1484576940928538,-0.14276795160878744,-0.9263205899790541,-1.1922298259017237
2.691079254684336,-2.378198632595141,-2.207417412599439,-1.1053532336169185,-1.7401258926357002,0.5362904444232398,-0.8691159491851291,-0.7709360718801178,-0.031056244423077053,0.23584302200194304,1.4181842326332608,-1.0854173547745112,-0.7267493308062011,-2.7545145439840004,-1.3711055421935827,-0.6946785685002618,-0.9811800303605961,-0.7949783857573678,-0.03556424139002865
-1.200845656080555,-0.5799852069939645,-1.8138722419613578,-1.9489191164403565,-0.40113140218024584,-0.15441310875266734,-0.08604460738741264,-0.4880459075257698,-1.6956636093229518,-1.1033051821772353,-0.6014763587242358,-0.5543813232410978,0.4480114418840742,-0.5321443474058047,-0.7882932526033584,-0.6549732367184888,1.9896527781289917,0.42567478697831174,0.8580811865538811
0.205045394489441,1.2477316240552032,1.0708015942053541,0.43390688679124895,1.2916064192641628,-0.31049709753049914,1.2867490818634364,0.7994576903927705,-0.39497643205050925,-0.17736286623064187,0.0603574413853482,0.5707202101042058,0.44696366699669593,0.4705815858431961,1.0210641457028011,0.6572411053401294,0.6927904972504444,-0.13651455421234415,-0.13277860826705054
-1.1159731924054925,-0.5008533051392011,0.8187457383778997,0.3109192682295607,-0.24776407643854728,-0.7444175782812442,0.8984260907893191,1.4029496761142561,-0.561094613193847,-0.4457204843805583,-1.1783387671211887,-0.8264254818746155,0.06895370733835586,0.20470110305929914,-0.9391352680640201,0.20565978834841733,-0.5792417083026705,-1.0593512438796553,-1.4841757173228305
-0.5004837358440547,0.80745897486326,0.7920858526945623,0.20880750390541009,1.136101377799575,-0.32989180254630235,1.4613881327097102,1.0623393038342397,-0.7049137725605524,-0.19021046789388643,-0.2554204943310869,0.14210433589170998,0.05379805739950013,0.5381442879113,-0.00363262565146996,0.2947073724626291,0.5597924916169025,-0.6417071746905096,-0.7410243855421726
-2.077353991389314,2.447001541398063,0.6917257134611585,-2.166083303798606,1.2765055068986413,0.648020530238835,-0.289856435768482,-2.5867910924226756,-0.519594913014242,-1.3345376973680356,0.4653180846505212,1.294798150009177,-0.782232003223482,1.0712423381270952,-1.1803243280551217,-2.3317215535344973,0.3559116559833923,0.5585574108678353,-0.3104608180355559
-0.768293898770741,-0.14992518904559132,-1.049612665819292,-1.044865882711196,-0.6329443933279694,-0.18418499285616327,-0.033037785380487086,-0.10644364417432338,-1.40978100286784,-0.6184300749464957,-0.9101346939845906,-0.3739873100149405,-0.6261091195168518,-0.6063953158026405,-0.7669603719894227,-0.7222468323268467,0.9550841779955275,-1.0291518692305506,-0.251634980347991
-0.1611784764415172,-0.006719834674752994,0.23609295037017297,0.26026339811033505,0.11107879770056471,0.8950051686262996,0.9069508577510774,0.12496695044995791,0.9073044247281894,-0.4948973731372261,0.9473408501857139,0.7902865629694369,0.697622340823692,-0.4139972200689968,1.2720790954439223,0.6552510033180435,0.7832136843947808,0.5835807576276327,1.4805116397694305
-0.8525999176527223,0.3452879741311485,-0.382856853531543,-0.9351008269336875,-0.10530853612585099,-0.6929623153173425,0.9017132076375911,-0.14091426171654442,-1.4412532949518624,-0.8024141667579163,-0.9656098115401611,-0.31232731877269054,-0.019525583452671483,-0.8827525082211146,-0.7936619924305468,-0.4257052903126603,1.2978209774401561,-0.35343954985741177,0.06376324700094402
-0.6010418067632698,0.05970151719096544,0.266083272853661,0.3552747190053607,1.134294180145112,-0.4499949233158667,0.3756443855794794,-0.2546202798610939,0.2806432828688196,-0.47638979998944486,-0.13658158393868897,0.30380433405233437,0.14672091407001955,0.9883853399809809,0.7006341487094637,-0.47031011869140793,0.6219402565271183,1.1559062343340363,-0.053805066374179235
0.25815209389243143,0.1821939103552721,0.09700177578945492,0.5365012281844393,0.7079989462806281,0.9641483627343356,-0.227073392861171,1.1040148364336024,1.5796378077969886,0.2627714789678646,1.4975840622834078,1.2078438285061979,2.4833890660721747,-0.9555783371545062,1.1128934616439918,1.6452850044751435,-0.0947830435756951,0.6980010337802067,1.0031893735302835
0.07555070184141222,0.8629258103922567,0.9439657354731695,0.5832465303999828,0.4261501639726467,-0.624283173122086,1.3307939444527943,1.2886776818569248,-0.257880024440748,-0.3565175000252056,-1.1109975453295304,0.12548490082187533,0.006441306010499107,0.5916492333293305,0.07164559653664433,0.8894476579498081,-0.1568840511520035,-1.5025272651575396,-0.692797174105794
-0.31129936919532913,0.4957415358958849,0.6222119633437473,-0.18681337152479704,0.4305984257999737,-0.9390489283187683,1.0471599684688886,0.30156967122859946,-0.6883683657397326,-0.49236870694351087,-1.2407668264654916,-0.14400682426935107,0.8548783986555435,-0.16609917576890681,0.05241396674208863,0.7323032896912679,0.09660460329364119,-0.14904967177506537,-0.33413592210877263
-1.0104668014368772,-0.521676026532847,-0.5254988654094721,-0.4009984628091567,-0.6870652787152134,-1.1283544259934726,-0.6438566941059082,-0.6378807432234826,-1.3771325626496684,-0.7582552828352233,-1.5464406616034427,-0.3845841030305395,-1.0588200481709793,-0.39512824668219276,-0.9068390870612691,-0.8102998988226843,-0.22217978456914814,-0.9900480869509004,-0.8780995846995533
0.6803726515855035,-0.6320136262778187,0.2081855662143794,1.2724431542502943,0.626388025824237,0.5179765188535779,-0.5604834235122068,0.9147608007918906,-0.2862263308374348,1.2055054781333587,-0.18360926874633357,-0.18175443168357344,-0.2022999031702601,0.2680145407709839,0.1184512149323767,0.22628840127835742,-0.12981403697335883,-0.3330672709961998,-0.045053308209548726
-0.2783249913788488,0.24792729344738246,0.7411986886206922,1.3736655261287751,-0.35389332214476704,-0.6325310379627601,-0.3624860035644108,0.537514282986233,-0.7690008918830896,-0.1565450616351746,-0.7494888557623588,0.1624875144556415,-0.8262077333455831,-0.3929095004971788,0.4340090714494586,0.3075961479347378,-0.2488145028179569,-1.166385176515738,-0.5996386329872321
0.25704147935304406,-0.3137147472817893,0.7945822871051829,0.38841100966234005,-2.650420473654769,-0.700036607311549,-0.6501525403228345,-0.7394476399431671,-0.9256401594257161,-1.2910578781164297,-2.2009027059233937,-0.8815955157340027,-0.7569520054569323,-0.3620095118456684,-1.1881290926630539,0.08167846261122609,-2.603482978106522,-3.2860279429394352,-1.0587484208165088
0.9477696838682418,-2.333530490430002,-1.478331926963394,0.664674836255118,-1.843524660093049,1.8962874274892936,-2.6998049205656414,1.2732741993275059,-0.6503521625220109,1.6765475000156314,0.2326627827077521,-2.0279744824870862,-1.1033032070861393,-0.7853832089770272,-1.4727480885628448,0.666375873599179,-2.3563015172918775,0.1299167737420007,-0.6696632027527021
0.6202021132771097,0.4094384359910184,0.6350724571713888,0.0122469758871211,1.1381389368197574,1.2065907159112443,0.25551572134739764,-0.5087391792115831,0.870611302589768,0.29621459881129647,0.9165991294646203,1.8492028071454572,0.8160732159855938,0.7906682203674168,1.643631623225934,-0.7566146862490165,1.302821439085418,1.9510467962067068,2.387935079685551
1.7273278147855065,0.08170593775423719,-0.6022451088583786,0.4873129668810979,1.6409285749495868,2.6501307731802286,0.37396454699330806,1.2616582843702928,1.788016846478643,2.7602730017733945,2.3247451393805476,0.5688827467226596,1.4820278884086227,0.8109779433064898,1.5060113026107291,1.3029838360110841,0.3392241892603912,1.1535850700578527,2.445989409673955
0.6929573423594112,0.49265705893166145,1.317668786574359,1.8099248987417416,1.2473269958512299,-0.5364352902195041,0.9914239142827063,-0.6376412878272746,1.1123776453503877,0.8861232087850995,0.7554712953093536,0.08174938956120051,-1.208354480401957,0.21953335654948378,1.2728389127818749,0.24468968986369613,0.5984847262819132,0.8925897827155197,0.4019776449158493
-0.10068249342782466,0.6056632767223936,-0.49141862111447027,-0.017810784024716256,0.27671150105834125,0.8568223491577811,1.0229289128560366,1.6154733278501778,1.1772748605341545,0.25956271301793415,1.0024840762657798,1.0362820993505597,2.6417883688030535,0.007291558914741055,1.334370966400471,1.6579967278022718,0.8843187501919892,-0.1798036007971179,2.111926633642686
-0.582903674548214,0.8901185797907762,0.41594492653265464,-0.6820427181349151,0.12304673757017899,-1.3845488273332882,1.4229570683012362,-0.5131255817735301,-0.6472875904623507,-0.8972791072035098,-0.7501938037633358,-0.2874727721964086,0.021175016728048918,-0.5873093175031192,-0.0967962656730193,0.4407082454764637,0.20931894157302508,0.09828839955542566,-0.47844751549035
-0.8878344260257469,1.1362679881600102,0.11923688853843463,-1.3308963022891227,1.0853364096407774,0.46907302403613954,-0.5188311585282459,-1.6168236953493156,-0.0916726145460861,-0.8949436499645356,-0.2817112694618633,1.4965560719118172,-0.46236312187714995,1.4900753046477848,0.10842390253084824,-2.2205451953380484,0.5858189510044682,-0.14299346760720572,-0.4565216624945164
2.3384832319528273,-1.9698210795582625,-3.03030742234563,-0.18617928423547028,-1.8409716948468893,2.6637246060099136,-2.5699696325364862,-0.7444986297248217,-0.9513018789468641,0.6340176917001593,0.6835419913828802,-3.318392061261371,-1.0312320312209375,-1.612783095874075,-1.9551145720722831,0.12452958205995827,-2.402453578795689,-0.6396395115052159,-0.6099517926412652
1.1178096168763607,-0.9189474543885218,-0.3662807733415627,-0.09349479857279651,0.021386584376470237,-0.13939092194314998,-0.5010655626357441,0.18211043174632027,0.41235784624066646,1.150945250910159,0.44635589156976496,-0.34403373122409303,-0.6555839721753519,-0.3456989346933164,-0.5939242245283998,-0.32220140395490093,-0.4917482840510632,0.3058528689085559,-0.72497903287383
-0.5511985936193854,0.2814952081212491,0.737255681804738,1.1521446037640632,-1.048959995616403,-1.0820542429122848,-0.8522632355184684,-0.16782813218993192,-0.6381568673071478,-0.4706581131697545,-0.7341186142619333,-0.18422110563191343,-0.7344162735553562,0.4774407677938482,0.0587611878864846,-0.3983635553358095,-0.32970795116010765,-0.9659720201450118,-0.6686392579613605
0.9360693576849816,-0.6999416554335993,0.45362897063067503,1.1110761427963225,-0.2063212111911178,-0.9525085668836121,-0.9912328039143417,0.327318104758546,0.03680910470006542,1.8029802961479091,-0.09531485829437401,-0.7446922266068137,-0.5955872903066841,1.4157670172659795,-0.21355637230090524,0.28335858747672543,-0.23349977415115125,-0.28245674099859064,-0.9635967996110162
-0.3079815691765242,-0.8406947417606684,-0.709892266419402,-0.615379042632893,-0.6751124297509378,-0.06906278223153207,-0.41935775518819196,-1.8382603567190305,1.3337210169136218,-1.2632010639082736,0.5302610669411335,0.5728738991290395,-0.9019582646715332,-1.6608986227222942,0.14282944673646888,-0.5165356455782447,-0.857612834868908,0.8944872884949915,0.18938468804702466
-1.4532218282094527,-0.047001099970293565,0.07711393657486051,-0.8514159302736941,-2.075633343944956,-0.8372152164317935,-2.144696822236799,-1.442266173828808,-1.8041960625284976,-1.202339164844361,-0.7820343761029751,-0.1577323815290188,-1.2549257916616068,-0.5732647582435331,-2.02921215561674,-1.7011027928671483,-0.70062074462493,-1.832230097112625,-1.1448069000596717
-0.05519373367324097,-0.07678137256891428,0.5491994413197574,-0.12582511402993699,-0.49353704207715804,0.24034249658695472,0.11226264146811352,0.31976514982888354,0.5851116390720383,0.19111429296066676,0.8027744983253776,-0.4757094971424566,0.4092383420055239,-0.22506748264341372,-0.33334979392965547,0.9528666205497884,-0.6295882949301673,0.4154152741918706,0.0909599678972807
-1.010768738982333,0.5380350507742142,-0.28131418430678773,-1.7103050330361864,-0.23707523562802443,-0.054895175407305735,-0.7392373746455484,-1.7138105497991687,0.11486898279624798,-0.9076037875248705,0.13725962289478047,1.2282057336115038,-0.8877593597783653,-1.1171939702334808,-1.1521808059477683,-1.8118218482413022,-0.32300096316955784,0.5396449510856289,-0.39094914021335725
0.7953158549992907,0.2614928306831517,0.3285964408319032,0.5678596129701832,-0.07211376275550413,-0.1277065733214385,0.11959385351607632,1.3970877923055183,2.04403094794233,0.5425902319481999,0.8158400255666787,0.29535367987354066,1.2984226504906546,0.9758775873048745,1.1011005764809616,1.3233400203342267,-0.3568127172636115,0.5324195524530408,0.6197246374043853
0.5706035347349164,-0.2427038687929914,1.146848166040287,1.771417437746476,0.36666939573676566,-0.7980531639018473,-0.27658211249298376,0.6988876694596069,0.43409613639411215,1.6600953270018157,0.07989604885165794,-0.2305586094944038,-0.45497349825671995,1.4703754325724725,0.751584113029238,0.416111321488039,0.1723457783134035,0.39016016280056026,-0.47559114488065973
1.4051244704400716,-2.2832342186004557,-2.738310955935104,-1.2685229954061954,-1.1342593824104648,0.4132510992666296,-0.44728747122343465,-0.7388894940918452,-0.012474960828084037,0.2108484918942024,0.9950231376409079,-1.6423127575916898,-0.6504080455759956,-2.951430364920774,-1.6731483423908793,-0.8683537773954964,-1.022240931648518,-0.8753597457375322,-0.2496333051929232
-0.8651951606566186,-0.3825837290335817,-1.6636341399953387,-1.7415807545633182,-0.3582629120325655,0.0512436736431039,0.5294680131347136,-0.5409686508369397,-1.061469797100527,-0.9740298952829456,-0.7294620134020207,-0.396394511594439,0.5018273264250758,-0.5726034561424624,-0.5982848000648788,-0.3329332182464816,2.047994938765377,0.3172286946986143,0.987111742460392
0.27937070139628767,1.405677920770402,0.7972369269719559,0.06447685738764476,1.2152533077567191,-0.5803759206370276,1.7442895186066565,0.576138039056949,0.6002494220043767,-0.037956688397879766,0.6010781512645218,0.5714110841072312,0.8777232015830795,0.6839276620417617,1.668384396172858,0.6884788842648585,1.0251914511457936,0.9122328239823618,0.19500035827552997
-0.7426603911453522,0.1445920342584113,1.0383579317818437,0.32446161881747865,-0.7944681071356868,-0.7767883577692035,0.8740505664332361,0.793343209338548,-0.07542129733640837,-0.33181980909690006,-0.8420753552327433,-0.24095997610031328,0.30575792210667463,1.3184094737536667,-0.34022769088349225,0.5736273015971612,-0.11263362451489743,-0.08911966492328233,-0.8815279007232464
-0.39963459019832437,1.049912349800822,0.5871593457250124,0.02680142416322753,0.8726258791363262,-0.5790388531609083,1.6568548867945498,0.5850141418703082,-0.31611970581156734,-0.17621040146353528,0.04466528980128157,0.0321020038608642,0.5661094779225542,1.1671313421662173,0.7482576685343166,0.47206008530653215,0.8749695118488738,0.4386823065334848,-0.21446222275623067
-1.8034166310033068,2.986232645187102,0.6338868016011374,-2.219151691810184,1.4581084040387267,0.3400942754298559,-0.1583182343720231,-2.4450493428175393,0.3362034163080348,-1.3002706300921987,0.0905408810417877,2.177624168228764,-0.3188498885165806,1.9507439305154055,-0.577888951159717,-2.605587899003107,0.5278417653832852,1.0774359511585854,-0.20744508890897514
-0.8190479713170473,-0.10453627129409289,-1.0834260156280677,-0.9913048434427995,-0.6020956396363086,-0.5695416809417782,0.07222019149239142,-0.4338357344745227,-1.091417991861466,-0.635831417640404,-0.8229260589250673,-0.5185207169615432,-0.17612256612332322,0.01631114559335793,-0.4505563731140945,-0.6867939981933999,1.4915229812255741,-0.6138822083164419,0.07519490196654671
0.15244870402675004,0.17542742189374286,0.569570660965645,0.6118444401106871,-0.4100855622004623,0.7852583018001769,0.862885751538862,-0.08789630585339633,1.739719734702775,-0.5543587072735603,0.8381575011540345,1.0611091857562591,0.5516374065865127,-0.4817291537284149,1.7211074880510997,0.9716460364663038,0.8165737009587215,0.7187973058511108,1.5997807776206314
-0.8709368991547297,0.44802857197159174,-0.6255326940014008,-1.2836914463679265,-0.22849119397242917,-0.9476143378870894,1.121022647300366,-0.5353793608452213,-1.0775835065383998,-0.7831256197936514,-0.7379556286506542,-0.5797524167489981,0.13028509761019014,-0.7613984220768695,-0.6172095203810218,-0.4570706916762462,1.4741005762456987,0.2866611491240916,0.37620437879623186
-0.3247629324178221,-0.01657876069117032,0.42440744270875735,0.31006524881734626,1.1378679481025336,-0.3321736326903628,0.569657699495304,-0.48614144077228183,0.5990021544541444,-0.5150266223275242,-0.19505269717778265,0.7358165518041218,0.08000301618567293,1.0331924205583216,1.1654848617564892,-0.41492263112049854,0.5012105759840277,0.9040311268313792,-0.018894627774141533
0.5232022050419011,0.4075303256836533,-0.834973393637288,-0.03466030010143457,0.8106176673867335,0.9611618611219263,-0.03128165182882344,1.8047475164575315,1.9894569308136576,0.5131544934590985,1.1131022749583979,1.6113803399898512,3.6892110965454488,-0.18940995450238754,1.9790464933840033,2.1474896384193225,0.1596350684136338,0.8444616660453436,1.2918867732904695
0.11578401536887081,1.3136121595206043,0.775243976814529,0.19728015723006678,-0.14491710599947452,-0.9015620143175939,1.290558615423275,1.0217396171015436,-0.1175895992863641,-0.4344272063400355,-0.8059801003585996,0.0034281306021917927,0.3730755626030523,1.0795659741589094,0.5356899119462613,0.8947520793950191,0.09126045369027465,-0.26268445908555815,-0.2737602746870079
-0.21541212282755615,0.5292203352110321,0.3293282750052152,-0.43170913676282313,0.3891358356333454,-1.1045603011585747,1.0947447953136242,0.2493180505113077,-0.49278777394720535,-0.445873763814192,-1.2297122813130106,-0.2570714297127435,0.919832980828557,0.01751706739903117,0.21627335920380195,0.823975241640835,0.06208545975671151,-0.015444893273436176,-0.37124746346849896
-1.0755535345205032,-0.5689773008016966,-0.5503047317585068,-0.4306783958562748,-0.6355024667746593,-1.2226955280876437,-0.3428003381485059,-0.9489600194418792,-1.729308310192938,-0.6885893688604042,-1.5586847893447038,-0.7635457861088177,-0.965731470670923,-0.037468615417359075,-1.2167172634785854,-0.8858093059196255,-0.07529871383942767,-1.193059784200956,-0.9952593812872079
0.7544231135567243,-0.468943264048031,0.1408527286216978,1.068422224330778,0.596277076525982,0.49749640770454134,-0.1755406354361041,0.6884642124795377,0.3799510495980167,1.418876320440161,0.3631344937031614,-0.169358291648312,0.09329453260651434,1.0701711830091412,0.794235783228805,0.16310516677882217,0.4322357529537,0.7404648169564356,0.5735420146278796
-0.22018440744368684,0.38029714505769946,0.5788417947681349,1.2737193365747448,-0.25929383716710064,-0.8142346648308241,-0.2246113277292415,0.12421329493115212,-0.07328818446234693,-0.08579795870570761,-0.325295893291631,-0.0076493916643325804,-0.36638649838170206,0.6440004965735523,1.0031143710019852,0.31583271686128206,0.43141503877571896,-0.2627585206880398,-0.08907036180317841
0.30607610041420574,-0.6885621708200502,0.8757465363496801,0.19312495541433014,-2.4439754448180175,-0.8519035313430807,0.09070244426198734,-0.4283982695522635,0.24819890290744512,-1.0197275869199025,-2.11422089387709,-1.5492214304219019,-0.7668465444920002,-0.08466527175437548,-0.7639507600062445,0.27501792413622855,-2.1726908631244193,-2.972567624869741,-1.628398562525502
0.812925271467702,-2.437116252545252,-1.3006143044441945,0.18423977212097173,-0.8792823807493976,1.7125645151064801,-2.010862975395221,0.8956994750096304,-0.4867606582034011,2.0005547768409584,0.34573162546907676,-2.0439799333753466,-1.2066972696633456,-0.1904916779118114,-1.1607805932444526,0.6034553575615693,-2.3907748913150755,0.6422781712163202,-0.7572373989136864
0.23499781114544932,0.7036722479377906,0.32832178160377284,-0.5407449031845891,0.8814576873387499,1.1703744086395063,1.0948463144574911,-0.5657721370375185,1.3484823730162128,0.22260291092171494,1.356149142095122,1.376477231697934,0.8605279846276789,0.943467923309818,1.227969615101354,-1.1141244479522563,1.844032156526229,2.0526339138393777,2.5168713233629334
1.2952264919935927,0.16709979477120046,-1.0706915650655453,0.25909391622004235,1.2934045034499928,2.3801220409722625,0.6979103627398207,1.4721221099145274,2.17200519162933,3.00497197198628,3.5804370232293454,0.23073934263122126,2.0448421482057526,1.4165052226894348,1.2086904053208636,1.1418010619751202,0.6862971859839057,1.324141305036986,3.021390687256783
